_id,customer_email,payment_id,child_name,__v
"""5fa56e0aa04c6a159ee4ab90""",endritmaliqi@gmail.com,pi_1HkX1QB39wTISDt2P3QIYwju,abctest,0
"""5fa56ef9b234c815b25e5aa8""",endritmaliqi@gmail.com,pi_1HkX5CB39wTISDt2V9rbKmoe,abctest,0
"""5fa56f99f04e7615bf121680""",e@e.com,pi_1HkX7nB39wTISDt202ksv33G,abctest,0
"""5fa57108eb347415f327df14""",t@t.com,pi_1HkXDeB39wTISDt25CFVdiSI,abctest,0
"""5fa5711feb347415f327df15""",endritmaliqi@gmail.com,pi_1HkXE5B39wTISDt2IW8giu30,abctest,0
"""5fa5716aeb347415f327df16""",asd@msn.com,pi_1HkXF8B39wTISDt2BJVAQbqb,abctest,0
"""5fa571b067bac616002b4157""",e@e.com,pi_1HkXGSB39wTISDt2hlZ2TlQQ,abctest,0
"""5fa571c667bac616002b4158""",e@e.com,pi_1HkXGnB39wTISDt26lYcYsJC,abctest,0
"""5fa5721aaaedca16185e06f6""",t@t.com,pi_1HkXICB39wTISDt2cNdlp79B,abctest,0
"""5fa5722aaaedca16185e06f7""",e@e.com,pi_1HkXITB39wTISDt29tt4fmjb,abctest,0
"""5fa5723eaaedca16185e06f8""",e@e.com,pi_1HkXIkB39wTISDt2EzbZ3edX,abctest,0
"""5fa57261aaedca16185e06f9""",t@t.com,pi_1HkXJ2B39wTISDt2aUiqqR2B,abctest,0
"""5fa572b8aaedca16185e06fa""",t@t.com,pi_1HkXJ2B39wTISDt2aUiqqR2B,abctest,0
"""5fa5770f4a6b8416329b7ba1""",teee@t.com,pi_1HkXcTB39wTISDt2puE11ZXQ,abctest,0
"""5fa577234a6b8416329b7ba2""",teest2@gmail.com,pi_1HkXcuB39wTISDt2wLazhlab,abctest,0
"""5fa577374a6b8416329b7ba3""",test3@t.com,pi_1HkXdGB39wTISDt2HU88G8mz,abctest,0
"""5fa577494a6b8416329b7ba4""",test4@t.com,pi_1HkXdYB39wTISDt210C9YKbk,abctest,0
"""5fa577694a6b8416329b7ba5""",test5@gmail.com,pi_1HkXe5B39wTISDt2UFNRj5cb,abctest,0
"""5fa5777d4a6b8416329b7ba6""",g@g.com,pi_1HkXePB39wTISDt2vmoN2Cxh,abctest,0
"""5fa5807c4c530c167362a236""",t@t.com,pi_1HkXJ2B39wTISDt2aUiqqR2B,abctest,0
"""5fa585884c530c167362a237""",e@e.com,pi_1HkYaBB39wTISDt2RGmrKYu3,abctest,0
"""5fa586f419af9e168046c56f""",endritmaliqi@gmail.com,pi_1HkYftB39wTISDt2pVhRw4Dg,abctest,0
"""5fa588e619af9e168046c570""",iejfoij@msn.com,pi_1HkYo3B39wTISDt2L7zke1m6,abctest,0
"""5fa589a719af9e168046c571""",endritmaliqi@gmail.com,pi_1HkYrNB39wTISDt21Fe1vOUT,abctest,0
"""5fa58cbc326f571698121fb5""",endritmaliqi@gmail.com,pi_1HkZ3xB39wTISDt2WXvqQ7eZ,abctest,0
"""5fa58cf3326f571698121fb6""",endritmaliqi@gmail.com,pi_1HkZ3xB39wTISDt2WXvqQ7eZ,abctest,0
"""5fa58d05f4d30a16a588295e""",endritmaliqi@gmail.com,pi_1HkZ5IB39wTISDt2grn1Fb6R,abctest,0
"""5fa58d3ef4d30a16a588295f""",endritmaliqi@gmail.com,pi_1HkZ6AB39wTISDt2lnpnlVnd,abctest,0
"""5fa58d8df4d30a16a5882960""",endritmaliqi@gmail.com,pi_1HkZ7VB39wTISDt2pwdpsUaj,abctest,0
"""5fa593f5215c50174c39f60e""",endritmaliqi@gmail.com,pi_1HkZXwB39wTISDt2ffoeQhJE,abctest,0
"""5fa59aee64602017e86b9595""",endritmaliqi@gmail.com,pi_1HkZ3xB39wTISDt2WXvqQ7eZ,abctest,0
"""5fa5a483f1de151a3bd8201d""",endritmaliqi@gmail.com,pi_1HkaeEB39wTISDt2pRtuiScD,abctest,0
"""5fa5a8253142e41ae2938709""",e@dd.com,pi_1HkatSB39wTISDt2umwJgEXJ,abctest,0
"""5fa5abaab52adb1ba843fc26""",e@e.com,pi_1Hkb7JB39wTISDt2qTHc4ozF,abctest,0
"""5fa5ad710416400019bc9938""",endritmaliqi@gmail.com,pi_1HkbF7B39wTISDt2pPl23e1P,abctest,0
"""5fa5adce0416400019bc9939""",gentritbiba1@gmail.com,pi_1HkbGgB39wTISDt2T5AFZvNC,abctest,0
"""5fa5b61f51a5b8003375922e""",asiduh@msn.com,pi_1HkbolB39wTISDt2eIrbYhep,abctest,0
"""5fa5b64051a5b8003375922f""",asiduh@msn.com,pi_1HkbpSB39wTISDt2ho2Xqkc0,abctest,0
"""5fa5b72951a5b80033759230""",gentritbiba1@gmail.com,pi_1Hkbt9B39wTISDt2IcvkTSU7,abctest,0
"""5fa5b7fbbf1d790022dc1ddc""",endritmaliqi@gmail.com,pi_1HkbwdB39wTISDt26FFCOMb4,endrit,0
"""5fa5b93bbf1d790022dc1ddd""",endritmaliqi@gmail.com,pi_1Hkc1lB39wTISDt25uJS8wea,EEEE,0
"""5fa5ba5ebf1d790022dc1dde""",endritmaliqi@gmail.com,pi_1Hkc6VB39wTISDt25plyJFmR,ema,0
"""5fa5bc77259dab004a4b6621""",endritmaliqi@gmail.com,pi_1HkcF9B39wTISDt2qHWoVuII,eeee,0
"""5fa5bfe42874f90057d7dd0c""",endritmaliqi@gmail.com,pi_1HkcTLB39wTISDt2DrXQyicW,efasdfs,0
"""5fa5bff92874f90057d7dd0d""",endritmaliqi@gmail.com,pi_1HkcThB39wTISDt27UYJWKEG,dfgdfg,0
"""5fa5d2a49b31060a9f02c662""",endritmaliqi@gmail.com,pi_1HkdgaB39wTISDt2K0h4kCC0,EMALIQI,0
"""5fa5d2da9b31060a9f02c663""",endritmaliqi@gmail.com,pi_1HkdjZB39wTISDt2F6W74xQy,endr,0
"""5fa5d382feac9d0b2db5e28f""",endritmaliqi@gmail.com,pi_1HkdmHB39wTISDt2iDuJRkvd,ggggg,0
"""5fa5d50b8cb4020b62642d67""",endritmaliqi@gmail.com,pi_1HkdsUB39wTISDt216BU14xP,Em1,0
"""5fa5d5dd43be990b8641fd5a""",endritmaliqi@gmail.com,pi_1HkdvwB39wTISDt26zXrBFuf,r,0
"""5fa5d651f3f2840b9cd05f1d""",endritmaliqi@gmail.com,pi_1HkdxsB39wTISDt2GFLBG9eP,eef,0
"""5fa5d6fdf612d90babefd25f""",endritmaliqi@gmail.com,pi_1Hke0hB39wTISDt2v55pQ3Pk,erer,0
"""5fa5d763c6b3c40bb2fb7c1b""",endritmaliqi@gmail.com,pi_1Hke2HB39wTISDt2AfgUJFrU,efg,0
"""5fa5db5f4a836c0c96373ed3""",endritmaliqi@gmail.com,pi_1HkeICB39wTISDt2EURaxRhK,C Name,0
"""5fa5de2e4a836c0c96373ed4""",endritmaliqi@gmail.com,pi_1HkeUHB39wTISDt2qRldxDPy,testt1,0
"""5fa5e1b5c24f470dad41eeb8""",endritmaliqi@gmail.com,pi_1HkeikB39wTISDt2nrA02ekO,te boss,0
"""5fa5e27bc24f470dad41eeb9""",endritmaliqi@gmail.com,pi_1HkelpB39wTISDt2iKMnIVdf,test 55g,0
"""5fa5e33bbffb6a0e441a9056""",endritmaliqi@gmail.com,pi_1HkeoZB39wTISDt2sYeQJ1bw,Test  Child,0
"""5fa5e9ab010a140e8abda4da""",endritmaliqi@gmail.com,pi_1HkfFMB39wTISDt27hbnPCQm,Test Local,0
"""5fa5e9ab010a140e8abda4db""",endritmaliqi@gmail.com,pi_1HkfFMB39wTISDt27hbnPCQm,Test Local,0
"""5fa5e9dc010a140e8abda4dc""",endritmaliqi@gmail.com,pi_1HkfGWB39wTISDt2tQCXeGfv,test2 tunnel,0
"""5fa5eb11010a140e8abda4dd""",jon@dynamicvideogroup.com,pi_1HkfK4B39wTISDt2mh5md04F,Jonathan Watkins,0
"""5fa6bff658ebb50086029b7e""",endritmaliqi@gmail.com,pi_1HktWaB39wTISDt2l77z55B5,"""eded ed""",0
"""5fa6c12d58ebb50086029b7f""",asda@msn.com,pi_1Hktb5B39wTISDt2fWDryxFC,"""""",0
"""5fa6c170be8a6000a01cea40""",dasdasda@msn.com,pi_1HktciB39wTISDt2bZ9Nl3DM,"[""ta qi nanen"",""ta qi nanen2""]",0
"""5fa6db1685871400ad03b4ab""",endritmaliqi@gmail.com,pi_1HkvKaB39wTISDt27rAZMwSg,"[""""]",0
"""5fa6db8c91904800ba1a90b3""",endritmaliqi@gmail.com,pi_1HkvMWB39wTISDt2LZc0V4bY,"[""eded"",""bubvba""]",0
"""5fa6dd65544b8200c793021f""",endritmaliqi@gmail.com,pi_1HkvUBB39wTISDt2M6Fneiov,"[""ed"",""fe""]",0
"""5fa6dee169d26600d4dbf2c3""",endritmaliqi@gmail.com,pi_1HkvaIB39wTISDt2EnUJPgyp,"[""de"",""gge""]",0
"""5fa6deef69d26600d4dbf2c4""",endritmaliqi@gmail.com,pi_1HkvaIB39wTISDt2EnUJPgyp,"[""de"",""gge""]",0
"""5fa6df16aa812800e12226bc""",endritmaliqi@gmail.com,pi_1Hkvb4B39wTISDt2tC4Mchvp,"[""gr"",""yy""]",0
"""5fa6e0aa04b6140106dfc3ec""",endritmaliqi@gmail.com,pi_1HkvhbB39wTISDt2CMOsW3kt,"[""de"",""tgtt""]",0
"""5fa6e100979d9801133dd041""",endritmaliqi@gmail.com,pi_1Hkvj1B39wTISDt2l7c7l8OY,"[""yy"",""aaw""]",0
"""5fa6e156eca30c012009b2c0""",endritmaliqi@gmail.com,pi_1HkvkUB39wTISDt2rgDa6JP9,"[""biba"",""endriti""]",0
"""5fa6e4e56f37d4013ac4355d""",endritmaliqi@gmail.com,pi_1Hkvz3B39wTISDt2ZE1rQNIM,"[""Nderim"",""Nderimi vogel""]",0
"""5fa6e6f96f37d4013ac4355e""",endritmaliqi@gmail.com,pi_1Hkw7PB39wTISDt2FoPOfw4f,"[""flamur"",""flamurtari""]",0
"""5fa6e784274d4401479faa9c""",endritmaliqi@gmail.com,pi_1Hkw9sB39wTISDt2gneJW2wt,"[""gfhty"",""asdsad""]",0
"""5fa6e7a0274d4401479faa9d""",endritmaliqi@gmail.com,pi_1HkwAGB39wTISDt2EhyO4UbH,"[""uuuy"",""eeere""]",0
"""5fa733f7ffb8d1188ab499e2""",endritmaliqi@gmail.com,pi_1Hl1FcB39wTISDt2sQbg0PCx, ,0
"""5fa737dd483788198ce03dd4""",endritmaliqi@gmail.com,pi_1Hl1VfB39wTISDt2LtiWdDFZ,,0
"""5fa73912214df519ac7ba565""",endritmaliqi@gmail.com,pi_1Hl1aVB39wTISDt26ILsyrg0,,0
"""5fa739f3214df519ac7ba566""",endritmaliqi@gmail.com,pi_1Hl1eBB39wTISDt2XYNBCVWM,E1 <br /> M1 <br /> E2 <br /> M2,0
"""5fa73a84214df519ac7ba567""",endritmaliqi@gmail.com,pi_1Hl1gPB39wTISDt2eCs23RjX,test1 <br /> l1 <br /> test2 <br /> l2,0
"""5fa73b48b7259b1a466b2a1b""",endritmaliqi@gmail.com,pi_1Hl1jYB39wTISDt2P0ye0sAg,"[""de"",""de"",""em"",""em"",""emd"",""emd""]",0
"""5fa73c99b7259b1a466b2a1c""",endritmaliqi@gmail.com4,pi_1Hl1mjB39wTISDt29Q2rf79I,"[""dede"",""de"",""dedeff"",""def""]",0
"""5fa73c9db7259b1a466b2a1d""",endritmaliqi@gmail.com4,pi_1Hl1mjB39wTISDt29Q2rf79I,"[""dede"",""de"",""dedeff"",""def""]",0
"""5fa73f37b7259b1a466b2a1e""",endritmaliqi@gmail.com,pi_1Hl1zuB39wTISDt233Xilmsu,"[""bba"",""ee"",""ccc"",""ccc""]",0
"""5fa73fc5b7259b1a466b2a1f""",endritmaliqi@gmail.com,pi_1Hl21XB39wTISDt2y7ZVKfzv,"[""ggg"",""gg"",""yyy"",""yy""]",0
"""5fa74588b7259b1a466b2a20""",endritmaliqi@gmail.com,pi_1Hl2PwB39wTISDt2YpVlKWBa,"[""first"",""second"",""second"",""second""]",0
"""5fa747a0faf8281cbad34e20""",endritmaliqi@gmail.com,pi_1Hl2YgB39wTISDt2maln9Hy9,"[""gtr"",""fr"",""tess"",""fr""]",0
"""5fa747a0faf8281cbad34e21""",endritmaliqi@gmail.com,pi_1Hl2YgB39wTISDt2maln9Hy9,"[""gtr"",""fr"",""tess"",""fr""]",0
"""5fa747cffaf8281cbad34e22""",endritmaliqi@gmail.com,pi_1Hl2ZWB39wTISDt2gKYfEakE,"[""efe"",""ef"",""efefe"",""ef"",""efefe"",""ef""]",0
"""5fa747d3faf8281cbad34e23""",endritmaliqi@gmail.com,pi_1Hl2ZWB39wTISDt2gKYfEakE,"[""efe"",""ef"",""efefe"",""ef"",""efefe"",""ef""]",0
"""5fa7480071eefd1cc943e6ab""",endritmaliqi@gmail.com,pi_1Hl2aGB39wTISDt2eCS01OC9,"[""fe"",""fe"",""few"",""fe""]",0
"""5fa7480071eefd1cc943e6ac""",endritmaliqi@gmail.com,pi_1Hl2aGB39wTISDt2eCS01OC9,"[""fe"",""fe"",""few"",""fe""]",0
"""5fa7482171eefd1cc943e6ad""",endritmaliqi@gmail.com,pi_1Hl2atB39wTISDt2QrBy45GM,"[""de"",""de"",""ff"",""de""]",0
"""5fa7484d71eefd1cc943e6ae""",endritmaliqi@gmail.com,pi_1Hl2bWB39wTISDt2d0C8yWdT,"[""fe"",""fe"",""yree"",""fe"",""sdfds"",""fe"",""rtrte"",""fe""]",0
